{"cameraMode":{"drawMode":0,"name":"Shaded","section":"Shading Mode"},"sceneLighting":true,"audioPlay":false,"sceneViewState":{"showFog":false,"showMaterialUpdate":false,"showSkybox":false,"showFlares":false,"showImageEffects":false,"showParticleSystems":false},"in2DMode":false,"pivot":{"x":14.301304817199707,"y":-6.2426533699035648,"z":0.2687171697616577},"rotation":{"x":0.05112875998020172,"y":0.5538804531097412,"z":0.03410498797893524,"w":-0.8303247690200806},"size":3.7193663120269777,"orthographic":false}